Customer_ID	Age	Gender	Location	Num_Interactions	Feedback_Score	Products_Purchased	Products_Viewed	Time_Spent_on_Site	Satisfaction_Score	Retention_Status	Gender_Encoded	Location_Encoded
1	56	Male	Urban	11	4	18	38	18.31960577	7	Retained	1	2
2	69	Male	Suburban	10	3	2	17	9.015197609	6	Retained	1	1
3	46	Male	Urban	5	5	11	46	45.92157192	10	Churned	1	2
4	32	Female	Suburban	5	1	6	13	44.10505291	5	Churned	0	1
5	60	Male	Urban	14	5	8	46	17.89747127	1	Retained	1	2
6	25	Male	Rural	6	2	4	35	46.21584592	3	Retained	1	0
7	38	Male	Suburban	8	4	18	11	55.48124857	9	Churned	1	1
8	56	Female	Rural	10	4	11	8	10.94159266	1	Retained	0	0
9	36	Female	Suburban	6	2	5	23	17.79501511	5	Churned	0	1
10	40	Male	Rural	12	3	15	46	46.26434367	2	Retained	1	0
11	28	Male	Urban	1	3	18	34	20.09786704	4	Retained	1	2
12	28	Male	Urban	8	4	2	35	39.35651859	1	Retained	1	2
13	41	Male	Urban	8	4	11	39	9.464032346	3	Churned	1	2
14	53	Female	Suburban	9	1	13	25	29.87113635	10	Retained	0	1
15	57	Female	Rural	9	3	4	35	45.65002821	7	Retained	0	0
16	41	Female	Urban	2	2	7	23	42.75826687	10	Retained	0	2
17	20	Female	Rural	2	3	11	35	49.82896554	3	Churned	0	0
18	39	Male	Rural	3	1	4	36	53.25986696	4	Churned	1	0
19	19	Male	Urban	1	4	15	6	47.52509257	2	Retained	1	2
20	41	Male	Urban	4	4	1	14	41.93732586	3	Retained	1	2
21	61	Female	Rural	14	1	3	6	6.74473705	9	Retained	0	0
22	47	Male	Urban	4	2	14	6	34.42316704	3	Retained	1	2
23	55	Female	Urban	14	4	6	28	7.07337487	5	Retained	0	2
24	19	Female	Urban	9	5	18	21	49.44372994	2	Retained	0	2
25	38	Male	Suburban	9	4	1	36	22.63984885	4	Retained	1	1
26	50	Male	Rural	9	5	6	20	35.93361558	7	Retained	1	0
27	29	Male	Rural	10	1	6	20	20.3694919	7	Retained	1	0
28	39	Female	Suburban	7	1	16	43	48.03750794	3	Churned	0	1
29	61	Male	Rural	14	4	5	35	53.75763897	5	Retained	1	0
30	42	Female	Urban	2	3	17	47	26.92533718	1	Retained	0	2
31	66	Male	Rural	10	5	10	28	52.46073164	10	Retained	1	0
32	44	Female	Urban	5	2	18	5	19.68912541	10	Retained	0	2
33	59	Female	Suburban	4	4	7	15	34.40635077	10	Retained	0	1
34	45	Male	Urban	12	2	3	25	52.23187864	1	Churned	1	2
35	33	Female	Rural	11	4	13	8	22.92347384	5	Retained	0	0
36	32	Female	Rural	8	3	15	11	57.47232458	10	Retained	0	0
37	64	Male	Rural	2	3	19	30	11.7033726	9	Retained	1	0
38	68	Female	Suburban	6	3	3	16	6.005128835	1	Churned	0	1
39	61	Male	Suburban	13	3	4	35	54.72744439	1	Retained	1	1
40	69	Female	Rural	5	1	5	21	8.775676638	4	Retained	0	0
41	20	Male	Urban	12	1	1	37	59.55390578	4	Retained	1	2
42	54	Male	Suburban	2	5	4	15	57.32682741	2	Retained	1	1
43	68	Female	Rural	11	2	12	32	12.53615005	9	Churned	0	0
44	24	Female	Rural	10	4	10	36	34.56715441	9	Churned	0	0
45	38	Female	Suburban	1	4	13	5	15.17061636	2	Retained	0	1
46	26	Female	Suburban	8	1	14	32	28.54853452	9	Retained	0	1
47	56	Female	Suburban	2	4	5	46	8.378382109	6	Churned	0	1
48	35	Male	Urban	7	1	4	11	17.31585233	8	Retained	1	2
49	21	Female	Urban	9	5	14	6	24.9800038	10	Retained	0	2
50	42	Male	Rural	9	2	10	46	29.12561251	4	Churned	1	0
51	31	Male	Suburban	8	5	17	28	58.7622942	2	Churned	1	1
52	67	Female	Urban	11	3	10	8	49.43261051	2	Retained	0	2
53	26	Male	Suburban	14	3	7	48	45.55754694	9	Retained	1	1
54	43	Male	Rural	12	3	16	23	34.53727231	1	Retained	1	0
55	19	Male	Urban	10	5	1	30	51.19987683	7	Churned	1	2
56	37	Male	Urban	9	4	17	15	23.66275596	3	Retained	1	2
57	45	Female	Urban	2	2	9	44	43.9894512	3	Retained	0	2
58	64	Male	Rural	6	3	6	47	59.65811865	2	Retained	1	0
59	24	Female	Suburban	4	3	19	15	22.30458999	10	Retained	0	1
60	61	Female	Urban	14	3	13	49	42.07096442	6	Retained	0	2
61	25	Male	Rural	4	2	3	7	51.43731753	10	Retained	1	0
62	64	Female	Suburban	5	3	7	16	55.36941708	2	Retained	0	1
63	52	Female	Rural	12	2	9	7	44.486298	10	Retained	0	0
64	31	Female	Suburban	3	3	5	46	20.59843579	4	Churned	0	1
65	34	Male	Rural	14	5	10	31	22.94551834	10	Retained	1	0
66	53	Female	Suburban	1	5	17	6	6.141691767	9	Churned	0	1
67	67	Female	Urban	8	2	12	20	46.84872877	9	Churned	0	2
68	57	Female	Suburban	5	5	16	6	7.350678333	6	Retained	0	1
69	21	Male	Rural	3	2	3	34	52.5558795	4	Retained	1	0
70	19	Female	Rural	10	5	9	24	11.5263338	7	Churned	0	0
71	23	Male	Suburban	14	5	15	42	14.45320817	1	Retained	1	1
72	59	Male	Urban	7	2	5	32	31.2089559	4	Retained	1	2
73	21	Male	Urban	7	4	13	29	45.58342283	5	Retained	1	2
74	46	Male	Suburban	1	5	14	36	12.64512129	8	Retained	1	1
75	35	Male	Suburban	12	3	15	14	29.20390913	2	Churned	1	1
76	43	Male	Rural	9	4	16	46	31.55682009	5	Churned	1	0
77	61	Female	Urban	2	2	13	44	16.67571029	6	Churned	0	2
78	51	Male	Suburban	5	4	17	37	11.35571072	5	Retained	1	1
79	27	Female	Urban	13	1	8	17	51.00315076	9	Retained	0	2
80	53	Female	Suburban	14	1	2	45	32.63561074	10	Retained	0	1
81	31	Male	Suburban	5	5	5	46	5.790967979	1	Retained	1	1
82	48	Female	Urban	14	5	6	41	49.16397157	3	Retained	0	2
83	65	Female	Suburban	8	3	12	20	58.9436593	2	Retained	0	1
84	32	Female	Suburban	14	4	18	49	38.32594075	3	Retained	0	1
85	25	Female	Rural	8	1	1	26	32.70396129	10	Retained	0	0
86	31	Male	Suburban	14	5	17	24	53.31287247	9	Retained	1	1
87	40	Female	Suburban	7	4	11	47	57.38842343	9	Retained	0	1
88	57	Male	Suburban	7	5	10	31	46.49953037	10	Retained	1	1
89	38	Female	Rural	12	5	19	45	29.49991114	2	Retained	0	0
90	33	Female	Urban	11	1	14	20	37.57217696	3	Retained	0	2
91	62	Male	Rural	6	1	10	38	43.55144508	4	Churned	1	0
92	35	Female	Rural	6	5	15	36	15.68504641	9	Churned	0	0
93	64	Female	Urban	11	2	19	30	29.59605677	3	Churned	0	2
94	41	Female	Rural	9	5	4	29	50.64016956	7	Retained	0	0
95	43	Male	Urban	6	5	2	6	41.00989417	3	Retained	1	2
96	42	Female	Rural	12	3	9	16	27.6162237	7	Retained	0	0
97	62	Male	Urban	13	3	10	44	41.48493937	7	Churned	1	2
98	58	Female	Suburban	13	3	11	13	11.50223266	9	Retained	0	1
99	46	Male	Rural	2	2	14	16	27.08236858	2	Churned	1	0
100	32	Male	Rural	2	2	7	30	48.62206959	6	Retained	1	0
101	62	Female	Rural	13	5	15	13	17.12798329	9	Churned	0	0
102	18	Female	Rural	5	3	19	14	15.22788292	2	Churned	0	0
103	42	Male	Suburban	4	2	15	36	57.2950263	2	Retained	1	1
104	24	Male	Rural	11	1	8	38	16.54436963	5	Retained	1	0
105	26	Female	Suburban	2	5	11	24	19.35052188	10	Retained	0	1
106	41	Male	Suburban	3	4	9	43	58.32887664	10	Retained	1	1
107	18	Female	Suburban	7	5	15	6	45.40897136	10	Retained	0	1
108	61	Female	Suburban	8	4	1	5	43.47780932	8	Retained	0	1
109	25	Female	Urban	12	3	1	40	51.91095111	9	Retained	0	2
110	41	Female	Urban	13	4	19	28	11.37026952	2	Retained	0	2
111	28	Male	Rural	6	3	3	31	43.82759301	5	Retained	1	0
112	68	Female	Urban	11	1	10	6	32.70287351	7	Retained	0	2
113	34	Male	Urban	5	4	8	35	50.60328522	6	Retained	1	2
114	25	Female	Rural	13	5	15	18	32.94779453	6	Retained	0	0
115	52	Male	Rural	1	3	10	6	39.11327448	7	Churned	1	0
116	52	Female	Rural	8	5	1	33	31.27581695	3	Retained	0	0
117	50	Male	Urban	3	2	18	19	31.2987408	3	Churned	1	2
118	22	Male	Urban	6	3	2	16	47.23834879	10	Retained	1	2
119	59	Female	Rural	3	4	19	41	39.57115204	9	Retained	0	0
120	56	Female	Suburban	7	3	13	32	39.82947609	8	Retained	0	1
121	58	Female	Rural	13	5	1	24	29.76553661	5	Retained	0	0
122	45	Female	Suburban	14	1	2	43	34.2110223	6	Retained	0	1
123	24	Male	Suburban	7	3	16	28	46.01447164	10	Retained	1	1
124	26	Female	Rural	12	4	15	25	50.42675055	1	Retained	0	0
125	25	Male	Rural	9	2	13	14	43.31087712	10	Retained	1	0
126	29	Male	Rural	5	1	16	18	55.82401439	1	Retained	1	0
127	51	Female	Urban	8	2	17	41	50.11782485	4	Churned	0	2
128	50	Male	Suburban	10	3	7	22	35.90250844	2	Retained	1	1
129	65	Male	Urban	10	5	17	28	41.927334	7	Retained	1	2
130	40	Male	Urban	8	5	7	18	55.94695523	2	Churned	1	2
131	41	Male	Rural	1	4	13	38	39.05424243	10	Retained	1	0
132	54	Female	Urban	12	5	5	16	50.36438214	2	Churned	0	2
133	52	Female	Rural	5	1	17	26	42.8845777	5	Retained	0	0
134	61	Female	Suburban	3	5	3	10	35.35649986	4	Retained	0	1
135	57	Female	Rural	1	4	7	40	18.30110075	8	Churned	0	0
136	39	Male	Urban	4	3	17	49	28.42986357	4	Retained	1	2
137	44	Male	Urban	8	3	7	40	58.22585537	6	Churned	1	2
138	52	Female	Rural	3	5	1	26	41.17709608	5	Retained	0	0
139	18	Female	Rural	10	2	17	18	36.04174592	2	Retained	0	0
140	52	Female	Urban	2	3	17	20	56.3126144	8	Churned	0	2
141	54	Male	Suburban	11	5	11	40	37.25814796	2	Retained	1	1
142	64	Female	Suburban	9	4	3	29	33.93453851	9	Churned	0	1
143	31	Female	Rural	10	5	15	36	46.76209703	9	Retained	0	0
144	20	Female	Suburban	5	3	11	37	44.19660904	3	Retained	0	1
145	18	Male	Urban	14	4	16	49	15.62380046	4	Retained	1	2
146	22	Male	Rural	7	5	9	40	30.9219551	8	Churned	1	0
147	43	Male	Urban	11	1	1	24	30.98834936	9	Retained	1	2
148	31	Male	Urban	11	4	16	22	25.80234834	3	Retained	1	2
149	56	Male	Suburban	2	1	9	42	33.45114152	5	Churned	1	1
150	44	Male	Rural	9	2	19	7	27.72090687	8	Churned	1	0
151	26	Male	Rural	13	4	12	27	15.96400192	3	Retained	1	0
152	32	Male	Suburban	9	1	19	36	27.6801568	7	Retained	1	1
153	32	Female	Urban	4	3	9	49	8.975232117	8	Retained	0	2
154	43	Female	Urban	4	3	7	20	36.66822245	10	Retained	0	2
155	59	Male	Urban	6	2	14	9	51.95100019	3	Retained	1	2
156	30	Male	Urban	10	4	19	8	44.89078964	2	Retained	1	2
157	68	Female	Rural	10	4	19	25	24.8216722	10	Retained	0	0
158	49	Male	Rural	10	4	2	44	9.788916307	7	Churned	1	0
159	56	Male	Suburban	6	2	9	18	16.11821696	9	Churned	1	1
160	66	Male	Suburban	12	4	13	43	35.00196873	1	Retained	1	1
161	69	Female	Rural	1	3	15	35	16.38813959	3	Retained	0	0
162	49	Female	Rural	14	1	3	18	34.91852112	5	Retained	0	0
163	21	Female	Urban	14	3	11	10	17.73794636	3	Retained	0	2
164	47	Female	Urban	9	3	14	16	51.69081282	1	Churned	0	2
165	54	Female	Suburban	2	1	8	20	26.84993101	7	Retained	0	1
166	40	Male	Rural	5	3	18	21	18.50528443	7	Retained	1	0
167	56	Female	Suburban	9	2	19	49	49.67793991	10	Retained	0	1
168	62	Male	Rural	4	1	16	27	23.85614306	8	Retained	1	0
169	32	Male	Urban	11	3	2	18	11.13182283	5	Retained	1	2
170	60	Female	Suburban	3	5	8	11	36.37252203	10	Retained	0	1
171	46	Female	Suburban	7	3	6	36	36.98603124	5	Retained	0	1
172	53	Male	Rural	6	2	12	19	44.30826214	5	Retained	1	0
173	30	Male	Urban	8	4	15	48	18.21206883	1	Churned	1	2
174	49	Male	Suburban	3	3	8	21	29.40742365	10	Churned	1	1
175	24	Female	Urban	5	4	4	45	20.53023555	5	Retained	0	2
176	68	Female	Suburban	10	5	15	48	9.452455486	6	Retained	0	1
177	39	Female	Urban	4	3	17	38	53.21376049	1	Retained	0	2
178	45	Female	Rural	13	1	13	9	45.08783925	7	Retained	0	0
179	19	Female	Suburban	4	4	18	49	21.58046827	1	Retained	0	1
180	59	Male	Suburban	4	5	2	31	37.96551461	2	Retained	1	1
181	62	Female	Urban	10	1	13	27	16.06950835	2	Retained	0	2
182	23	Male	Urban	8	1	13	44	53.9630142	5	Retained	1	2
183	45	Male	Suburban	6	1	15	18	11.31984888	10	Retained	1	1
184	45	Male	Rural	3	1	10	19	5.211043003	7	Retained	1	0
185	61	Female	Urban	10	3	3	47	32.61045088	1	Churned	0	2
186	61	Female	Urban	5	3	19	37	37.07203029	10	Retained	0	2
187	37	Female	Urban	6	3	3	35	36.84309262	1	Retained	0	2
188	47	Male	Suburban	5	5	14	39	7.998156009	1	Retained	1	1
189	28	Male	Suburban	6	5	8	21	22.27240938	6	Churned	1	1
190	45	Male	Suburban	8	5	4	32	32.45594208	2	Churned	1	1
191	42	Male	Suburban	7	2	11	23	16.91185521	1	Churned	1	1
192	56	Male	Rural	5	5	11	27	52.9944237	6	Retained	1	0
193	50	Male	Rural	10	3	11	36	9.79101092	2	Retained	1	0
194	18	Female	Suburban	6	3	2	44	31.80614429	6	Churned	0	1
195	44	Female	Rural	14	2	17	17	43.02788316	10	Retained	0	0
196	69	Female	Urban	4	2	9	24	19.39631051	8	Retained	0	2
197	30	Female	Urban	12	5	2	39	39.33324053	2	Churned	0	2
198	58	Male	Urban	9	4	15	9	50.61618326	9	Retained	1	2
199	20	Male	Suburban	13	2	16	13	15.46853363	8	Retained	1	1
200	56	Female	Urban	4	1	4	33	55.44713255	10	Retained	0	2
201	23	Male	Rural	1	3	8	10	35.4457193	1	Retained	1	0
202	25	Female	Suburban	7	1	9	29	21.45776024	7	Retained	0	1
203	44	Female	Rural	7	3	5	35	28.69720515	10	Retained	0	0
204	26	Female	Urban	4	3	16	26	22.17055361	6	Churned	0	2
205	54	Male	Urban	13	2	13	6	44.8811138	6	Retained	1	2
206	50	Female	Urban	14	2	7	49	48.79653649	6	Churned	0	2
207	68	Female	Suburban	3	1	17	9	50.81155658	6	Retained	0	1
208	59	Female	Rural	8	3	3	31	59.21725373	10	Retained	0	0
209	61	Male	Suburban	5	1	5	29	48.52063609	7	Churned	1	1
210	41	Male	Suburban	10	4	19	12	38.07612389	3	Churned	1	1
211	32	Female	Urban	7	1	12	5	23.65711641	6	Retained	0	2
212	49	Male	Suburban	4	5	7	24	34.95274968	3	Churned	1	1
213	49	Male	Suburban	4	1	9	48	7.258749503	7	Churned	1	1
214	41	Male	Urban	8	5	6	27	45.96537915	7	Churned	1	2
215	58	Male	Suburban	14	5	17	36	29.52755498	8	Retained	1	1
216	69	Male	Urban	8	5	16	15	6.101277635	2	Churned	1	2
217	66	Male	Urban	2	4	3	43	8.437881783	9	Churned	1	2
218	66	Male	Urban	14	1	4	28	26.31065551	5	Churned	1	2
219	69	Male	Urban	2	1	10	15	37.08818355	9	Retained	1	2
220	29	Male	Suburban	3	4	5	33	30.53121719	10	Retained	1	1
221	56	Male	Urban	12	3	10	30	39.05623745	5	Retained	1	2
222	19	Female	Urban	12	2	12	20	31.41618423	7	Retained	0	2
223	20	Female	Suburban	3	1	10	39	41.3937115	9	Churned	0	1
224	66	Male	Suburban	1	2	13	24	17.05193356	4	Retained	1	1
225	54	Female	Rural	14	4	11	7	11.2063753	2	Retained	0	0
226	66	Female	Suburban	3	3	16	5	37.8038675	9	Churned	0	1
227	34	Male	Suburban	6	3	8	5	31.65792343	2	Retained	1	1
228	66	Male	Rural	8	3	8	21	6.477720972	3	Retained	1	0
229	19	Male	Suburban	13	4	8	6	25.9265037	10	Retained	1	1
230	19	Female	Suburban	12	5	13	33	10.8369072	2	Retained	0	1
231	45	Female	Suburban	14	5	2	24	34.22462575	3	Retained	0	1
232	40	Male	Suburban	10	2	12	10	26.76777238	6	Churned	1	1
233	54	Male	Rural	6	5	10	12	38.72335511	3	Retained	1	0
234	49	Male	Suburban	5	5	12	33	49.30812203	10	Retained	1	1
235	50	Female	Suburban	4	3	11	37	21.48177761	8	Retained	0	1
236	18	Female	Rural	3	3	15	7	57.91561573	6	Retained	0	0
237	36	Female	Urban	13	2	16	39	34.45989753	7	Retained	0	2
238	19	Female	Rural	4	1	17	9	39.00599393	1	Retained	0	0
239	61	Male	Urban	14	2	2	31	42.43698053	3	Retained	1	2
240	43	Male	Rural	7	2	18	48	41.67023414	3	Churned	1	0
241	49	Male	Rural	1	4	12	16	33.10339087	2	Retained	1	0
242	23	Male	Suburban	7	4	19	24	28.58203601	7	Retained	1	1
243	49	Female	Urban	1	2	18	49	7.95800803	9	Churned	0	2
244	21	Female	Suburban	2	2	17	24	6.214721492	4	Retained	0	1
245	28	Male	Urban	4	2	6	13	24.6878657	5	Retained	1	2
246	34	Male	Rural	1	5	15	43	23.35134898	3	Retained	1	0
247	55	Female	Rural	11	4	3	8	26.32323352	9	Retained	0	0
248	41	Male	Urban	12	2	6	23	12.61025105	4	Retained	1	2
249	22	Female	Suburban	11	3	3	42	45.59925488	5	Retained	0	1
250	69	Male	Suburban	11	3	1	31	52.13304281	1	Retained	1	1
251	51	Male	Suburban	9	5	13	49	56.62930495	2	Retained	1	1
252	23	Male	Suburban	12	5	14	47	32.07992669	9	Retained	1	1
253	39	Male	Rural	6	1	13	17	43.54761345	2	Retained	1	0
254	28	Male	Rural	13	1	4	17	52.05531179	5	Churned	1	0
255	65	Male	Rural	1	1	7	26	28.00601111	8	Churned	1	0
256	33	Male	Rural	1	5	10	32	22.01770372	3	Churned	1	0
257	50	Female	Rural	6	5	7	49	56.51985057	6	Retained	0	0
258	26	Female	Suburban	4	5	15	26	33.36221031	4	Retained	0	1
259	23	Female	Suburban	4	3	15	47	32.34896376	7	Retained	0	1
260	33	Female	Suburban	11	5	4	23	14.81288531	10	Retained	0	1
261	46	Female	Suburban	6	3	6	12	10.9485258	3	Retained	0	1
262	20	Male	Rural	14	1	5	12	51.31587744	6	Retained	1	0
263	37	Male	Rural	12	1	12	46	38.77732469	10	Retained	1	0
264	53	Female	Rural	11	1	1	30	22.92035212	9	Retained	0	0
265	36	Male	Urban	7	2	8	30	15.54549196	10	Churned	1	2
266	43	Female	Suburban	9	2	1	27	35.55235041	1	Retained	0	1
267	20	Female	Suburban	10	4	5	47	37.11556091	3	Retained	0	1
268	36	Male	Rural	5	4	6	17	16.38464807	2	Retained	1	0
269	37	Male	Suburban	9	4	3	32	51.82731613	8	Retained	1	1
270	49	Male	Suburban	4	2	15	13	9.634540139	7	Retained	1	1
271	24	Female	Rural	13	2	5	24	24.58511968	2	Retained	0	0
272	69	Male	Urban	10	4	14	23	42.42114276	6	Retained	1	2
273	58	Female	Urban	2	4	18	43	20.07662001	3	Churned	0	2
274	50	Female	Urban	3	5	16	16	50.52213571	8	Churned	0	2
275	57	Female	Rural	13	4	6	19	45.69273046	10	Churned	0	0
276	56	Male	Suburban	11	5	14	35	48.39625645	3	Churned	1	1
277	35	Male	Rural	1	3	8	18	11.55085947	10	Retained	1	0
278	57	Female	Rural	14	2	7	15	12.73009204	9	Retained	0	0
279	18	Male	Suburban	14	4	8	30	20.75605558	1	Retained	1	1
280	28	Male	Urban	6	2	13	46	33.49424409	5	Retained	1	2
281	45	Male	Urban	13	2	6	31	46.14088422	3	Retained	1	2
282	42	Female	Rural	6	2	18	15	51.00919899	6	Churned	0	0
283	67	Female	Urban	1	3	2	42	43.73844238	10	Retained	0	2
284	40	Male	Rural	11	1	8	38	56.07282848	2	Retained	1	0
285	48	Female	Rural	13	4	11	47	45.63089303	9	Retained	0	0
286	47	Male	Suburban	3	1	1	23	21.84473379	6	Churned	1	1
287	59	Male	Suburban	5	1	6	10	19.57947064	7	Retained	1	1
288	52	Male	Suburban	3	1	16	42	43.29058477	5	Churned	1	1
289	24	Male	Rural	10	2	12	46	15.60788128	9	Churned	1	0
290	33	Female	Suburban	3	5	11	32	10.09931459	1	Churned	0	1
291	43	Female	Urban	14	2	10	5	34.27225812	5	Churned	0	2
292	65	Female	Urban	10	2	3	39	50.19028634	10	Churned	0	2
293	69	Male	Rural	3	1	13	44	10.57589134	6	Retained	1	0
294	66	Male	Rural	5	2	3	12	48.55402281	7	Retained	1	0
295	19	Male	Suburban	13	1	15	11	49.63646024	4	Retained	1	1
296	18	Female	Rural	5	5	16	15	31.52507	1	Retained	0	0
297	65	Male	Rural	4	4	13	43	8.152067051	8	Churned	1	0
298	29	Female	Urban	1	1	17	8	14.60244182	10	Retained	0	2
299	22	Female	Urban	5	5	3	29	43.90844513	4	Churned	0	2
300	54	Female	Suburban	10	4	11	16	44.14778697	3	Retained	0	1
301	49	Female	Rural	5	3	19	30	54.40954013	7	Retained	0	0
302	26	Female	Rural	4	1	11	42	37.04773806	2	Churned	0	0
303	58	Female	Urban	6	1	16	16	11.82590522	8	Retained	0	2
304	52	Male	Rural	10	3	3	47	11.6778198	6	Retained	1	0
305	36	Male	Urban	4	3	6	41	44.66227965	7	Retained	1	2
306	65	Female	Suburban	14	1	14	28	15.10815658	5	Retained	0	1
307	33	Female	Urban	7	3	18	20	23.06120248	9	Retained	0	2
308	20	Male	Rural	7	2	17	17	31.79666038	5	Retained	1	0
309	37	Female	Suburban	2	4	4	29	6.362068267	5	Retained	0	1
310	41	Female	Urban	3	4	15	8	18.68504649	3	Churned	0	2
311	50	Male	Urban	1	4	11	15	27.43392847	1	Churned	1	2
312	41	Female	Suburban	8	2	3	36	20.37999752	2	Retained	0	1
313	69	Female	Suburban	9	3	3	11	12.50036801	8	Retained	0	1
314	28	Female	Urban	4	5	16	15	45.04067418	1	Churned	0	2
315	66	Male	Rural	6	3	5	32	49.72312103	7	Retained	1	0
316	25	Male	Urban	9	1	10	45	19.16134369	5	Retained	1	2
317	53	Male	Suburban	6	4	19	27	47.5930722	3	Retained	1	1
318	55	Female	Urban	14	3	4	49	26.20544604	7	Churned	0	2
319	57	Female	Suburban	12	5	19	27	32.8677185	9	Retained	0	1
320	37	Male	Suburban	12	1	11	32	52.08005912	2	Retained	1	1
321	52	Female	Rural	12	2	2	47	46.2474525	8	Retained	0	0
322	65	Female	Suburban	9	2	10	30	49.28142682	9	Retained	0	1
323	42	Female	Suburban	4	5	11	29	12.52648416	3	Retained	0	1
324	52	Female	Rural	8	1	16	33	8.834568421	2	Retained	0	0
325	42	Female	Suburban	9	4	19	23	54.1372601	7	Churned	0	1
326	46	Male	Rural	4	3	11	37	26.33088483	5	Churned	1	0
327	35	Female	Rural	5	1	14	40	20.83338229	5	Retained	0	0
328	63	Male	Suburban	14	2	2	18	44.85829398	10	Retained	1	1
329	35	Female	Suburban	8	5	5	18	51.00285781	5	Retained	0	1
330	19	Male	Urban	12	5	5	39	52.4369292	4	Churned	1	2
331	52	Female	Rural	10	3	19	34	22.37984276	5	Churned	0	0
332	33	Male	Urban	14	5	12	32	51.87168152	4	Retained	1	2
333	58	Female	Suburban	6	5	18	21	7.251366941	6	Retained	0	1
334	53	Male	Urban	12	1	4	7	7.73138203	4	Churned	1	2
335	50	Female	Rural	7	4	17	20	39.29355573	2	Retained	0	0
336	21	Male	Urban	3	3	10	34	8.470850301	9	Retained	1	2
337	50	Female	Rural	7	1	6	33	22.85350427	2	Retained	0	0
338	31	Male	Suburban	12	4	14	49	42.00157924	9	Retained	1	1
339	38	Male	Suburban	14	1	11	19	23.54967928	10	Retained	1	1
340	65	Female	Rural	8	1	11	29	14.87798798	6	Churned	0	0
341	37	Female	Suburban	10	5	18	42	20.4742842	9	Retained	0	1
342	25	Male	Suburban	6	4	18	46	30.16664327	9	Retained	1	1
343	24	Female	Suburban	10	3	11	42	31.14622204	3	Retained	0	1
344	20	Male	Suburban	9	3	12	27	48.06501272	1	Retained	1	1
345	34	Male	Rural	13	4	5	29	46.25842762	1	Retained	1	0
346	50	Male	Urban	6	5	9	46	30.12497925	3	Retained	1	2
347	65	Female	Urban	12	2	9	11	51.5117042	5	Churned	0	2
348	29	Male	Suburban	9	1	10	26	11.28304262	3	Retained	1	1
349	68	Male	Urban	13	5	19	21	19.04443426	9	Retained	1	2
350	39	Female	Urban	4	4	1	22	50.53870549	9	Retained	0	2
351	39	Female	Suburban	8	1	7	45	25.78967212	3	Retained	0	1
352	63	Female	Suburban	11	3	4	14	58.96498573	3	Churned	0	1
353	47	Female	Urban	4	2	1	14	30.64393048	5	Retained	0	2
354	55	Male	Rural	2	3	15	11	48.55645926	2	Churned	1	0
355	55	Male	Suburban	10	4	8	42	27.12688728	6	Retained	1	1
356	62	Male	Rural	11	1	12	31	28.37244355	7	Churned	1	0
357	68	Male	Urban	9	4	18	37	26.0585731	9	Retained	1	2
358	25	Female	Suburban	5	1	15	5	44.54915913	6	Retained	0	1
359	44	Male	Rural	4	5	17	48	35.11348362	3	Retained	1	0
360	44	Male	Suburban	2	2	14	38	56.90779613	5	Retained	1	1
361	51	Female	Urban	1	5	14	8	18.79896741	4	Churned	0	2
362	38	Male	Rural	11	5	18	21	10.53095026	5	Churned	1	0
363	47	Male	Urban	7	4	18	8	26.62938168	8	Retained	1	2
364	50	Male	Urban	6	2	16	47	38.91919892	8	Retained	1	2
365	45	Male	Suburban	2	1	1	30	52.34394153	6	Retained	1	1
366	64	Male	Rural	8	1	11	8	24.04082877	1	Churned	1	0
367	50	Male	Urban	11	3	15	5	40.95827131	8	Retained	1	2
368	22	Female	Urban	4	1	12	11	24.26092746	8	Retained	0	2
369	65	Female	Rural	8	4	8	34	38.94707706	2	Retained	0	0
370	36	Male	Urban	7	5	6	13	53.66443709	4	Churned	1	2
371	21	Male	Urban	5	5	3	39	17.72467032	2	Retained	1	2
372	52	Female	Rural	10	5	13	12	27.23329032	4	Churned	0	0
373	66	Male	Rural	10	2	13	28	59.6295858	10	Churned	1	0
374	34	Male	Rural	12	1	2	23	52.77063655	7	Retained	1	0
375	61	Male	Rural	8	4	5	40	36.05519218	9	Retained	1	0
376	45	Female	Suburban	14	2	17	47	33.41451755	8	Churned	0	1
377	47	Male	Rural	9	3	6	31	20.65302103	9	Retained	1	0
378	46	Female	Suburban	5	4	2	36	33.44651852	8	Churned	0	1
379	63	Male	Suburban	10	4	4	18	51.64998241	2	Retained	1	1
380	23	Female	Suburban	5	4	11	22	42.68459823	7	Retained	0	1
381	52	Female	Urban	2	5	8	32	20.95242155	2	Churned	0	2
382	58	Male	Suburban	5	4	12	33	16.08051566	2	Retained	1	1
383	54	Female	Suburban	3	1	8	20	19.58646953	4	Retained	0	1
384	41	Male	Urban	7	4	11	39	14.33675608	1	Churned	1	2
385	46	Female	Urban	10	5	8	35	10.26023828	5	Retained	0	2
386	66	Male	Urban	5	4	8	8	28.05248959	6	Retained	1	2
387	63	Male	Rural	8	3	17	41	11.23147824	9	Retained	1	0
388	48	Female	Urban	1	3	16	21	14.45519067	10	Churned	0	2
389	52	Male	Urban	3	5	14	43	35.10285764	8	Churned	1	2
390	50	Male	Suburban	3	1	11	30	14.05296005	2	Retained	1	1
391	69	Female	Urban	9	1	7	43	8.513387209	1	Churned	0	2
392	38	Male	Rural	5	2	16	45	22.45638675	2	Churned	1	0
393	49	Male	Urban	12	5	13	8	17.11755042	7	Retained	1	2
394	40	Female	Rural	9	4	15	34	33.34178534	4	Retained	0	0
395	50	Female	Urban	13	5	16	34	10.63018965	10	Retained	0	2
396	20	Male	Urban	9	2	9	26	46.34739332	5	Retained	1	2
397	35	Male	Urban	1	5	3	15	54.84284357	7	Churned	1	2
398	42	Female	Urban	2	5	19	6	45.88893457	3	Churned	0	2
399	59	Female	Rural	5	2	5	48	34.30548706	10	Retained	0	0
400	48	Male	Rural	4	1	10	16	52.3367302	2	Retained	1	0
401	20	Female	Suburban	10	4	17	34	43.22051089	7	Retained	0	1
402	57	Male	Rural	9	2	15	40	5.580311735	5	Retained	1	0
403	63	Male	Urban	7	3	8	22	26.6749584	1	Retained	1	2
404	41	Male	Suburban	6	1	15	30	51.80235447	1	Retained	1	1
405	67	Male	Suburban	7	3	14	11	24.02223719	9	Retained	1	1
406	49	Male	Suburban	1	1	7	5	6.936834544	5	Retained	1	1
407	64	Female	Urban	1	4	12	30	46.03988012	1	Churned	0	2
408	39	Female	Rural	8	4	17	27	49.11210487	7	Retained	0	0
409	40	Female	Urban	13	5	17	30	13.83265323	9	Retained	0	2
410	19	Female	Suburban	13	3	10	49	34.55372733	1	Retained	0	1
411	44	Male	Urban	2	1	19	10	15.55754914	10	Retained	1	2
412	59	Male	Urban	12	4	14	10	44.55789305	4	Retained	1	2
413	19	Male	Rural	10	2	11	48	19.93527503	3	Retained	1	0
414	43	Male	Rural	11	4	2	12	22.39183174	5	Churned	1	0
415	34	Female	Suburban	9	2	18	28	51.47339695	7	Retained	0	1
416	57	Male	Urban	7	1	7	26	31.19772937	8	Churned	1	2
417	50	Male	Urban	6	4	12	23	41.83649482	2	Churned	1	2
418	26	Female	Rural	1	4	2	41	27.13051779	7	Churned	0	0
419	60	Female	Urban	1	1	18	22	21.39037715	1	Retained	0	2
420	65	Female	Urban	2	4	6	35	39.40129332	7	Churned	0	2
421	56	Female	Urban	6	2	10	41	13.51716657	8	Retained	0	2
422	46	Male	Rural	14	4	15	34	25.51499096	2	Retained	1	0
423	59	Male	Suburban	6	3	5	46	16.49703706	9	Churned	1	1
424	43	Female	Suburban	2	5	3	37	43.26872318	1	Retained	0	1
425	52	Male	Urban	1	2	5	14	56.93148611	6	Retained	1	2
426	67	Male	Suburban	10	3	8	41	59.75310324	1	Retained	1	1
427	42	Male	Rural	5	1	8	16	29.76522457	3	Retained	1	0
428	41	Female	Rural	5	2	8	34	18.88917143	6	Retained	0	0
429	30	Male	Suburban	2	5	12	31	29.35561537	3	Retained	1	1
430	24	Female	Suburban	6	5	8	43	51.59981755	8	Churned	0	1
431	53	Male	Urban	9	1	11	13	16.33031232	5	Churned	1	2
432	62	Male	Suburban	2	1	14	25	57.36526084	2	Churned	1	1
433	37	Male	Urban	10	2	8	16	23.80261728	4	Retained	1	2
434	18	Female	Urban	2	4	10	33	59.21920127	9	Retained	0	2
435	25	Male	Rural	3	1	7	37	51.12348881	4	Churned	1	0
436	63	Female	Rural	13	4	17	47	49.47137938	10	Churned	0	0
437	33	Female	Rural	7	3	4	19	22.48475706	10	Retained	0	0
438	31	Female	Rural	6	5	13	6	5.482746657	8	Retained	0	0
439	29	Male	Suburban	12	4	4	43	26.01730999	5	Retained	1	1
440	68	Male	Rural	8	5	5	48	21.59951533	10	Retained	1	0
441	40	Male	Suburban	8	4	4	22	7.056834472	1	Retained	1	1
442	32	Male	Rural	6	3	18	7	32.79508911	7	Churned	1	0
443	45	Female	Suburban	12	1	6	11	27.16672212	3	Retained	0	1
444	51	Female	Urban	11	3	2	47	39.90060573	10	Retained	0	2
445	19	Female	Suburban	10	1	11	22	39.16524772	8	Retained	0	1
446	49	Male	Suburban	3	1	14	48	11.64106497	3	Retained	1	1
447	40	Female	Rural	3	5	5	42	58.73310504	1	Retained	0	0
448	39	Male	Suburban	1	3	6	41	15.28122862	5	Retained	1	1
449	68	Female	Urban	7	4	10	37	29.49007136	2	Retained	0	2
450	42	Male	Urban	5	3	8	48	31.84646489	4	Churned	1	2
451	39	Male	Rural	4	5	14	35	49.71845385	1	Retained	1	0
452	39	Female	Urban	10	1	3	15	10.45762779	9	Retained	0	2
453	66	Female	Suburban	4	5	12	8	28.57543536	6	Retained	0	1
454	69	Female	Urban	14	2	16	22	39.56761936	8	Churned	0	2
455	59	Female	Rural	4	2	17	8	16.83355919	4	Retained	0	0
456	23	Male	Suburban	6	4	1	38	39.51073443	9	Churned	1	1
457	32	Female	Rural	8	5	10	33	55.80156607	2	Retained	0	0
458	60	Female	Suburban	8	4	10	28	59.86349721	9	Churned	0	1
459	54	Female	Urban	5	4	2	26	6.784809223	5	Churned	0	2
460	50	Male	Rural	6	2	9	6	17.95735255	6	Retained	1	0
461	25	Male	Rural	4	4	13	48	22.06689137	3	Retained	1	0
462	61	Female	Suburban	12	2	16	10	26.95193552	4	Retained	0	1
463	61	Male	Rural	14	1	18	46	18.32414367	6	Churned	1	0
464	22	Female	Suburban	11	5	19	29	16.1918397	7	Retained	0	1
465	56	Male	Suburban	13	4	12	25	57.50046133	1	Retained	1	1
466	21	Male	Suburban	9	2	8	20	55.51868815	7	Churned	1	1
467	23	Male	Suburban	8	3	17	35	7.584587555	1	Churned	1	1
468	62	Male	Urban	10	4	15	18	23.63471619	5	Retained	1	2
469	49	Female	Suburban	12	1	10	43	27.28317045	6	Retained	0	1
470	69	Female	Rural	10	1	15	32	18.14579941	2	Retained	0	0
471	47	Female	Urban	1	3	15	36	39.58800933	10	Retained	0	2
472	64	Male	Rural	2	2	7	32	40.22094107	9	Retained	1	0
473	52	Female	Urban	9	4	13	13	51.77773256	10	Retained	0	2
474	57	Female	Suburban	8	2	17	49	45.74780976	6	Retained	0	1
475	69	Female	Urban	14	1	9	26	34.84153298	7	Churned	0	2
476	33	Male	Urban	3	2	8	36	40.94727235	10	Retained	1	2
477	30	Male	Rural	8	1	18	9	20.06938298	8	Retained	1	0
478	67	Male	Rural	12	2	13	27	37.61809045	10	Retained	1	0
479	59	Female	Suburban	1	3	16	9	31.90749901	1	Retained	0	1
480	47	Female	Urban	10	5	9	46	12.3339457	8	Retained	0	2
481	36	Female	Urban	4	3	12	36	18.33993521	4	Retained	0	2
482	34	Male	Urban	3	3	12	14	21.04313979	10	Churned	1	2
483	36	Male	Suburban	6	5	6	43	55.83702619	8	Retained	1	1
484	45	Female	Suburban	7	5	19	19	17.67126517	6	Retained	0	1
485	43	Male	Suburban	4	4	7	11	20.90841466	9	Churned	1	1
486	54	Male	Suburban	7	4	3	33	25.31447715	4	Retained	1	1
487	43	Male	Suburban	9	3	16	7	41.50585062	2	Churned	1	1
488	40	Male	Rural	11	3	18	23	11.50311159	2	Retained	1	0
489	26	Female	Urban	2	1	16	14	57.46698669	5	Churned	0	2
490	29	Male	Urban	11	1	7	32	52.60641711	10	Retained	1	2
491	18	Male	Urban	3	4	4	33	36.74688402	9	Churned	1	2
492	18	Male	Urban	5	4	8	19	42.07208271	3	Churned	1	2
493	64	Male	Urban	3	1	13	39	5.916325918	8	Retained	1	2
494	51	Female	Urban	11	1	13	10	23.64196264	4	Retained	0	2
495	49	Female	Urban	8	2	17	16	48.76131269	6	Churned	0	2
496	65	Male	Urban	12	2	17	42	9.261563559	10	Retained	1	2
497	42	Male	Rural	10	1	5	17	20.52726088	6	Retained	1	0
498	57	Male	Urban	8	2	6	33	37.19132556	3	Retained	1	2
499	62	Male	Rural	8	5	19	23	19.10271652	5	Churned	1	0
500	18	Male	Suburban	12	4	13	7	56.36878858	3	Retained	1	1
501	33	Male	Urban	12	4	14	12	12.20822469	1	Retained	1	2
502	56	Female	Suburban	9	1	4	12	48.85668968	7	Retained	0	1
503	22	Male	Suburban	4	3	7	24	32.93717805	4	Churned	1	1
504	39	Female	Suburban	5	1	8	8	46.26819267	7	Churned	0	1
505	46	Female	Rural	5	2	13	25	22.08934306	3	Churned	0	0
506	20	Male	Suburban	8	3	6	7	33.29692813	5	Retained	1	1
507	29	Female	Suburban	7	2	6	49	52.12594423	5	Churned	0	1
508	43	Female	Suburban	9	5	3	12	30.67829545	2	Retained	0	1
509	33	Female	Urban	14	2	3	27	24.78459241	10	Retained	0	2
510	68	Female	Urban	8	5	13	20	34.48854624	2	Retained	0	2
511	54	Female	Rural	2	5	2	17	44.45495142	4	Retained	0	0
512	39	Female	Rural	10	2	16	7	29.395984	4	Churned	0	0
513	46	Male	Urban	12	2	6	13	56.63823363	4	Retained	1	2
514	31	Female	Rural	4	5	8	18	21.22202032	6	Retained	0	0
515	45	Female	Urban	6	3	8	17	31.15049834	2	Churned	0	2
516	22	Female	Suburban	12	5	6	11	46.63102126	6	Churned	0	1
517	64	Male	Suburban	2	4	14	19	42.90165998	7	Retained	1	1
518	66	Female	Rural	7	5	3	11	52.50025788	10	Retained	0	0
519	47	Male	Urban	3	3	10	42	59.82450494	3	Churned	1	2
520	63	Female	Urban	13	4	3	38	28.47720808	8	Retained	0	2
521	69	Male	Rural	3	1	12	45	11.11329839	2	Retained	1	0
522	22	Male	Urban	11	1	17	26	6.672873444	8	Retained	1	2
523	29	Female	Suburban	2	3	5	28	44.97822984	5	Retained	0	1
524	33	Female	Rural	11	5	9	41	53.07075192	2	Churned	0	0
525	43	Male	Rural	8	2	7	48	17.13919223	7	Retained	1	0
526	43	Female	Urban	6	3	4	5	13.71464205	2	Retained	0	2
527	65	Male	Rural	1	4	13	14	8.421280034	6	Retained	1	0
528	38	Male	Urban	12	4	13	47	50.24866069	10	Retained	1	2
529	56	Male	Urban	1	1	10	20	22.12600669	3	Retained	1	2
530	53	Male	Urban	7	4	18	12	27.0933291	9	Retained	1	2
531	50	Male	Urban	8	3	17	29	32.65126054	3	Retained	1	2
532	47	Female	Urban	5	4	13	16	51.16992788	3	Retained	0	2
533	54	Male	Rural	12	3	17	29	40.79582719	5	Retained	1	0
534	40	Male	Suburban	11	2	4	21	38.82855464	7	Retained	1	1
535	27	Female	Suburban	5	1	1	30	14.6619655	8	Retained	0	1
536	22	Male	Rural	4	4	1	18	33.22544404	7	Retained	1	0
537	53	Female	Rural	14	3	15	45	44.34595594	9	Churned	0	0
538	51	Female	Suburban	6	5	13	40	58.52934857	5	Retained	0	1
539	69	Female	Suburban	14	1	17	27	16.07734701	10	Retained	0	1
540	48	Male	Suburban	6	2	8	47	5.524884419	3	Retained	1	1
541	27	Male	Suburban	3	3	18	10	9.141578848	6	Churned	1	1
542	36	Male	Suburban	9	2	13	9	25.67188559	5	Retained	1	1
543	49	Female	Urban	12	2	14	47	50.12995563	4	Churned	0	2
544	18	Male	Rural	11	4	8	29	5.392814497	2	Retained	1	0
545	22	Female	Urban	14	4	8	22	30.12018261	7	Churned	0	2
546	62	Male	Suburban	7	3	15	17	23.10768384	5	Churned	1	1
547	21	Female	Suburban	1	5	13	47	7.886494055	4	Retained	0	1
548	33	Male	Suburban	13	3	7	18	29.76299577	8	Retained	1	1
549	41	Male	Urban	7	5	5	32	19.0111789	9	Retained	1	2
550	33	Male	Urban	5	2	17	22	24.35366589	9	Retained	1	2
551	19	Female	Suburban	5	1	16	32	43.80884176	3	Retained	0	1
552	66	Female	Urban	14	3	2	31	33.68530412	3	Retained	0	2
553	45	Male	Urban	13	3	18	36	11.85560859	5	Retained	1	2
554	49	Male	Suburban	2	5	17	13	57.87779972	5	Retained	1	1
555	44	Female	Urban	4	2	7	44	39.97509211	10	Retained	0	2
556	37	Female	Rural	12	2	13	36	47.12276341	2	Retained	0	0
557	41	Female	Rural	6	5	18	24	9.35672325	1	Retained	0	0
558	29	Male	Rural	10	2	14	32	7.58821087	8	Churned	1	0
559	67	Female	Rural	11	4	18	37	6.06964277	3	Retained	0	0
560	52	Male	Suburban	7	1	13	8	15.38367153	1	Churned	1	1
561	50	Female	Suburban	11	3	11	38	27.79246187	1	Retained	0	1
562	50	Male	Suburban	5	1	16	7	56.47043734	2	Retained	1	1
563	68	Female	Rural	9	3	17	30	30.13828126	6	Retained	0	0
564	60	Female	Rural	3	4	8	12	20.9640308	6	Retained	0	0
565	54	Female	Urban	1	2	19	10	35.90643894	3	Churned	0	2
566	29	Female	Urban	4	5	15	20	11.1564018	4	Retained	0	2
567	20	Female	Rural	9	4	9	28	38.52282401	2	Retained	0	0
568	18	Male	Rural	4	1	10	43	36.26375749	2	Churned	1	0
569	50	Female	Rural	2	5	12	34	48.55961684	7	Retained	0	0
570	57	Female	Rural	10	2	1	49	59.26781864	1	Churned	0	0
571	27	Female	Urban	14	4	9	17	18.79804094	7	Churned	0	2
572	60	Male	Rural	14	5	15	9	33.03110479	1	Retained	1	0
573	61	Female	Urban	5	4	1	29	54.98759735	6	Retained	0	2
574	46	Male	Rural	3	4	12	24	48.18544364	3	Retained	1	0
575	30	Female	Rural	13	2	3	22	31.80734667	8	Retained	0	0
576	29	Female	Rural	12	3	11	22	56.99544073	6	Retained	0	0
577	48	Male	Urban	13	5	2	6	8.148018143	2	Churned	1	2
578	63	Female	Urban	9	2	16	14	56.20492408	8	Churned	0	2
579	19	Male	Suburban	4	4	9	49	7.777906581	5	Retained	1	1
580	68	Male	Rural	6	2	15	16	35.10176093	8	Retained	1	0
581	67	Female	Suburban	2	3	12	17	53.97425214	8	Retained	0	1
582	52	Male	Suburban	6	5	1	15	19.4496519	6	Retained	1	1
583	40	Female	Urban	3	3	13	23	30.97366744	2	Churned	0	2
584	34	Female	Urban	12	1	14	39	22.83808835	8	Retained	0	2
585	43	Male	Suburban	12	5	8	43	57.36791544	6	Retained	1	1
586	25	Male	Rural	9	3	8	30	50.30050771	6	Retained	1	0
587	46	Male	Urban	11	4	12	18	43.99508312	8	Churned	1	2
588	43	Male	Rural	2	5	1	49	37.31948426	1	Retained	1	0
589	27	Female	Rural	12	5	11	48	50.13254841	2	Churned	0	0
590	43	Female	Suburban	12	2	8	28	26.57468728	9	Retained	0	1
591	51	Male	Suburban	9	4	10	45	29.61535203	8	Churned	1	1
592	68	Female	Suburban	5	1	19	5	45.15009466	7	Retained	0	1
593	58	Female	Suburban	8	3	11	47	24.67651198	7	Retained	0	1
594	24	Female	Urban	2	2	7	26	8.514551813	5	Churned	0	2
595	21	Female	Urban	6	3	11	27	9.088403489	2	Retained	0	2
596	67	Male	Suburban	3	1	17	23	11.34495407	6	Retained	1	1
597	62	Male	Urban	12	1	1	22	52.83247278	10	Retained	1	2
598	28	Female	Suburban	12	5	8	16	30.97245342	3	Churned	0	1
599	46	Male	Rural	14	1	6	32	44.20853031	4	Churned	1	0
600	53	Male	Rural	10	3	18	32	26.61001346	10	Retained	1	0
601	42	Male	Rural	5	4	6	37	19.22910211	2	Retained	1	0
602	38	Female	Suburban	12	4	5	23	24.09556922	2	Churned	0	1
603	53	Female	Rural	8	5	13	32	48.68002899	8	Retained	0	0
604	27	Female	Urban	10	3	19	41	39.38688688	8	Churned	0	2
605	54	Male	Rural	14	3	8	30	56.5701879	10	Retained	1	0
606	26	Female	Rural	1	1	9	39	42.38376282	6	Churned	0	0
607	41	Female	Rural	5	3	17	38	36.35998975	5	Churned	0	0
608	52	Male	Urban	3	2	3	39	38.56078049	8	Churned	1	2
609	66	Female	Suburban	4	1	19	44	56.83042917	4	Retained	0	1
610	52	Female	Urban	2	2	11	20	48.35105114	4	Retained	0	2
611	65	Male	Suburban	9	5	17	42	6.322268055	5	Retained	1	1
612	53	Male	Suburban	3	4	19	17	34.37768329	1	Retained	1	1
613	35	Male	Rural	2	5	2	27	42.85861264	1	Retained	1	0
614	66	Female	Suburban	10	4	8	26	46.17841631	2	Retained	0	1
615	56	Female	Urban	11	5	19	20	16.72281656	8	Churned	0	2
616	49	Female	Urban	9	3	7	32	52.69475449	7	Retained	0	2
617	41	Male	Suburban	7	2	17	39	57.57137309	10	Retained	1	1
618	40	Male	Rural	6	4	6	49	18.01934182	9	Retained	1	0
619	49	Female	Rural	1	1	19	12	53.54385016	5	Retained	0	0
620	54	Female	Urban	5	2	6	48	10.33383194	2	Retained	0	2
621	29	Male	Rural	12	1	2	26	8.063875986	7	Retained	1	0
622	66	Male	Suburban	11	2	6	25	12.10730901	8	Churned	1	1
623	30	Male	Suburban	14	2	5	30	8.175759371	7	Retained	1	1
624	40	Male	Urban	11	5	19	44	51.47567304	7	Retained	1	2
625	42	Female	Suburban	3	4	4	25	8.247757945	5	Retained	0	1
626	52	Male	Urban	1	4	17	29	19.94153053	2	Churned	1	2
627	58	Female	Suburban	4	2	11	45	10.70659889	6	Retained	0	1
628	47	Female	Urban	13	3	4	5	21.248212	4	Churned	0	2
629	34	Female	Rural	2	3	13	10	9.980770718	10	Retained	0	0
630	66	Male	Suburban	2	1	17	27	41.74017879	2	Churned	1	1
631	37	Male	Suburban	3	1	9	27	12.3329749	9	Retained	1	1
632	65	Male	Urban	8	5	4	47	51.85152592	7	Retained	1	2
633	42	Male	Urban	8	2	14	47	49.94550779	6	Retained	1	2
634	39	Female	Suburban	12	1	19	27	5.751392701	5	Retained	0	1
635	30	Male	Urban	7	1	3	36	54.26494955	3	Retained	1	2
636	36	Male	Suburban	6	2	14	34	6.591937421	10	Churned	1	1
637	66	Female	Rural	9	5	8	17	18.18051817	10	Retained	0	0
638	53	Male	Urban	4	1	1	47	6.781402578	4	Churned	1	2
639	29	Female	Suburban	12	5	10	22	23.47139179	3	Churned	0	1
640	58	Female	Rural	1	4	18	27	33.26265891	8	Retained	0	0
641	36	Female	Rural	8	5	16	19	48.8154678	3	Churned	0	0
642	29	Female	Suburban	7	3	8	37	23.58898528	7	Retained	0	1
643	26	Female	Urban	7	3	1	25	43.80195136	7	Retained	0	2
644	24	Female	Suburban	3	5	12	43	15.31274514	7	Churned	0	1
645	45	Female	Rural	4	3	8	27	46.28291512	7	Retained	0	0
646	31	Female	Suburban	10	4	16	31	17.97981333	2	Retained	0	1
647	48	Male	Urban	9	2	18	49	12.89496158	10	Retained	1	2
648	69	Male	Rural	6	3	4	48	15.19748677	3	Retained	1	0
649	36	Male	Suburban	5	3	6	22	15.01347209	10	Churned	1	1
650	64	Male	Urban	3	5	12	28	33.20745837	9	Retained	1	2
651	33	Female	Rural	9	4	9	44	51.46386697	3	Retained	0	0
652	22	Male	Urban	5	2	15	46	9.378279235	2	Retained	1	2
653	52	Female	Rural	5	5	16	11	43.88259752	9	Retained	0	0
654	29	Male	Suburban	14	5	12	24	40.98905528	10	Retained	1	1
655	42	Male	Urban	4	4	14	31	52.98859735	9	Retained	1	2
656	69	Male	Rural	14	2	13	10	18.42811583	4	Retained	1	0
657	38	Female	Urban	4	4	2	31	29.75604223	9	Retained	0	2
658	53	Male	Urban	12	2	3	13	55.92050559	3	Churned	1	2
659	40	Female	Suburban	1	4	10	49	41.29963976	7	Retained	0	1
660	33	Female	Urban	7	5	9	35	26.38226271	7	Churned	0	2
661	56	Male	Rural	9	5	8	25	12.22768106	8	Churned	1	0
662	62	Male	Rural	3	1	10	30	19.43667543	10	Churned	1	0
663	59	Male	Rural	12	3	19	44	36.96685126	4	Churned	1	0
664	56	Female	Rural	13	4	3	49	44.49923712	3	Retained	0	0
665	31	Male	Suburban	2	1	5	17	11.84320378	3	Retained	1	1
666	48	Female	Urban	3	3	3	27	37.9778493	5	Retained	0	2
667	22	Female	Suburban	1	4	16	24	35.26932034	1	Retained	0	1
668	52	Male	Urban	6	2	17	41	33.26754957	10	Churned	1	2
669	40	Male	Urban	11	3	15	32	42.95677147	3	Retained	1	2
670	46	Female	Urban	11	5	3	21	51.05972773	6	Churned	0	2
671	60	Female	Suburban	7	1	12	32	22.76443257	3	Retained	0	1
672	28	Female	Urban	11	3	9	45	53.89567046	5	Churned	0	2
673	35	Male	Suburban	11	3	12	6	13.83484869	9	Retained	1	1
674	64	Female	Rural	2	5	15	29	14.51631284	2	Retained	0	0
675	29	Male	Rural	8	4	2	45	19.6724635	2	Retained	1	0
676	26	Female	Urban	14	2	18	10	11.57419783	6	Churned	0	2
677	27	Female	Suburban	6	5	12	15	17.66755736	6	Retained	0	1
678	61	Male	Rural	14	2	4	42	10.85264696	8	Churned	1	0
679	34	Female	Suburban	4	4	16	10	50.19638293	2	Churned	0	1
680	55	Male	Suburban	5	3	16	49	12.64329455	9	Churned	1	1
681	24	Male	Urban	8	2	1	15	46.10136567	2	Retained	1	2
682	63	Female	Rural	14	1	2	18	7.635262735	1	Churned	0	0
683	30	Male	Urban	3	1	3	6	57.16861801	10	Churned	1	2
684	57	Male	Urban	3	5	17	44	44.11380481	2	Retained	1	2
685	59	Female	Rural	14	4	1	7	5.373810172	7	Retained	0	0
686	26	Male	Rural	14	5	6	39	47.01210751	8	Retained	1	0
687	67	Male	Suburban	11	5	15	37	33.27450564	5	Retained	1	1
688	44	Male	Rural	4	5	14	28	47.86508437	6	Retained	1	0
689	19	Female	Suburban	1	1	15	23	33.73732449	1	Churned	0	1
690	22	Male	Suburban	9	1	14	22	40.25636717	6	Retained	1	1
691	46	Female	Suburban	8	5	5	28	48.24824105	8	Retained	0	1
692	54	Female	Rural	8	1	6	49	27.280943	3	Churned	0	0
693	55	Male	Urban	14	4	17	39	5.14894824	1	Retained	1	2
694	36	Male	Suburban	10	5	11	5	51.74705728	4	Churned	1	1
695	25	Male	Urban	6	1	16	40	25.94896994	1	Retained	1	2
696	65	Female	Urban	7	2	12	29	32.28234993	8	Retained	0	2
697	62	Male	Rural	6	5	15	49	5.427165318	5	Retained	1	0
698	18	Male	Urban	9	5	4	47	32.06506057	1	Retained	1	2
699	39	Male	Urban	3	4	18	38	59.25680709	8	Retained	1	2
700	69	Male	Rural	14	3	3	29	20.30472135	9	Churned	1	0
701	34	Male	Suburban	3	3	8	20	26.74800486	10	Retained	1	1
702	24	Female	Urban	3	4	3	38	42.79544981	2	Churned	0	2
703	42	Female	Rural	10	4	8	33	49.81365171	9	Retained	0	0
704	62	Male	Urban	3	4	18	23	27.95653932	8	Retained	1	2
705	21	Male	Urban	9	3	10	27	22.03178787	7	Retained	1	2
706	53	Male	Suburban	12	4	17	23	56.580419	3	Retained	1	1
707	23	Male	Urban	4	1	8	29	42.24297317	2	Churned	1	2
708	48	Female	Rural	13	5	11	20	11.54617175	7	Churned	0	0
709	36	Male	Urban	7	5	5	13	8.791033297	5	Churned	1	2
710	61	Female	Suburban	14	2	13	5	31.59524179	6	Retained	0	1
711	56	Female	Suburban	9	2	5	46	17.10495363	4	Retained	0	1
712	44	Male	Rural	11	5	13	23	18.96916144	2	Retained	1	0
713	27	Female	Suburban	12	1	6	37	53.27306984	9	Churned	0	1
714	43	Female	Urban	7	3	5	38	9.926131337	3	Retained	0	2
715	36	Female	Suburban	9	3	9	20	44.34502634	7	Retained	0	1
716	56	Female	Rural	12	1	16	48	19.91282394	8	Retained	0	0
717	20	Male	Suburban	3	3	2	44	46.81805218	2	Retained	1	1
718	62	Male	Suburban	4	4	1	22	44.73262615	6	Retained	1	1
719	30	Female	Suburban	14	5	8	38	5.406554579	8	Retained	0	1
720	67	Male	Rural	8	5	19	29	33.00244771	7	Churned	1	0
721	45	Male	Suburban	6	1	11	49	12.66257153	3	Churned	1	1
722	37	Male	Suburban	5	3	12	10	52.64248668	1	Retained	1	1
723	45	Male	Urban	13	2	12	25	52.93722356	6	Retained	1	2
724	25	Male	Rural	4	2	7	10	28.00901941	8	Retained	1	0
725	58	Female	Suburban	8	3	13	36	29.44175901	6	Churned	0	1
726	56	Male	Rural	1	2	8	45	21.68056167	5	Churned	1	0
727	18	Male	Suburban	14	1	9	47	44.41334644	8	Churned	1	1
728	20	Male	Suburban	9	1	7	43	24.72637497	2	Churned	1	1
729	30	Male	Suburban	1	3	15	35	19.7285861	1	Retained	1	1
730	45	Female	Urban	8	2	2	46	28.77270827	1	Churned	0	2
731	66	Female	Urban	4	1	12	14	10.03181351	4	Retained	0	2
732	42	Female	Urban	9	1	1	34	46.06317626	6	Retained	0	2
733	50	Female	Rural	14	4	8	22	5.69280207	9	Churned	0	0
734	55	Male	Rural	11	4	5	28	40.44667838	1	Retained	1	0
735	23	Female	Urban	5	1	15	13	15.05754897	1	Retained	0	2
736	61	Male	Rural	3	3	1	35	17.78222254	5	Retained	1	0
737	62	Male	Suburban	9	5	1	19	39.95975993	10	Retained	1	1
738	49	Male	Suburban	11	5	10	8	59.61189062	5	Churned	1	1
739	62	Male	Suburban	14	1	10	44	47.7744619	5	Retained	1	1
740	64	Male	Urban	14	1	15	13	17.42117977	10	Retained	1	2
741	38	Female	Rural	9	1	17	49	14.68136153	6	Retained	0	0
742	33	Female	Urban	4	3	6	13	52.64280786	8	Retained	0	2
743	38	Female	Rural	11	4	3	30	29.43011714	3	Retained	0	0
744	28	Female	Suburban	4	1	13	8	12.53790416	9	Retained	0	1
745	54	Male	Urban	12	1	16	21	52.42162828	1	Retained	1	2
746	53	Female	Rural	8	2	8	20	49.88507941	4	Churned	0	0
747	52	Male	Rural	2	3	15	19	59.11485001	9	Churned	1	0
748	36	Female	Suburban	9	1	17	39	55.03590277	8	Retained	0	1
749	37	Male	Urban	13	2	17	9	51.84846863	10	Retained	1	2
750	35	Male	Urban	14	5	13	9	7.89159188	9	Retained	1	2
751	64	Female	Urban	6	1	17	24	10.74284532	1	Churned	0	2
752	58	Male	Suburban	9	1	6	19	36.29407569	9	Retained	1	1
753	66	Male	Urban	8	2	17	22	34.23135855	3	Churned	1	2
754	31	Female	Suburban	7	3	16	6	30.1879768	10	Churned	0	1
755	32	Male	Suburban	13	1	14	33	26.8234129	9	Churned	1	1
756	48	Female	Suburban	14	5	13	17	28.71657667	1	Churned	0	1
757	18	Female	Rural	1	1	6	8	36.31138638	1	Retained	0	0
758	20	Female	Urban	14	5	3	46	5.114208468	9	Retained	0	2
759	33	Male	Urban	12	4	14	49	19.33898258	6	Churned	1	2
760	40	Male	Suburban	3	4	14	14	33.50538464	4	Retained	1	1
761	28	Male	Suburban	11	5	15	35	44.72188543	7	Retained	1	1
762	29	Female	Urban	14	3	8	45	14.57861808	5	Retained	0	2
763	27	Male	Suburban	2	1	15	12	35.07846456	10	Retained	1	1
764	49	Female	Urban	5	1	13	7	44.29528261	7	Churned	0	2
765	33	Female	Rural	5	4	17	13	29.45452119	8	Retained	0	0
766	25	Male	Suburban	5	5	3	34	6.489462352	8	Retained	1	1
767	55	Female	Urban	4	1	6	15	29.70974872	1	Churned	0	2
768	29	Male	Suburban	5	1	5	39	21.30446883	8	Churned	1	1
769	41	Male	Urban	3	3	17	41	56.13072842	6	Retained	1	2
770	45	Male	Urban	12	2	2	46	11.85373621	4	Retained	1	2
771	25	Male	Suburban	1	4	15	17	40.88617755	8	Retained	1	1
772	45	Male	Rural	5	4	5	40	7.899587148	3	Retained	1	0
773	53	Female	Urban	13	2	6	17	29.53937408	4	Retained	0	2
774	43	Female	Urban	9	1	6	16	35.4688718	6	Retained	0	2
775	25	Female	Urban	13	3	18	41	21.38752122	7	Churned	0	2
776	67	Male	Rural	9	3	18	14	30.02915995	4	Retained	1	0
777	45	Male	Rural	4	4	4	13	13.9954587	4	Retained	1	0
778	45	Male	Suburban	3	3	17	11	21.72681172	7	Retained	1	1
779	54	Female	Rural	1	2	14	6	39.16084787	6	Retained	0	0
780	58	Male	Suburban	2	1	14	27	21.59900307	8	Churned	1	1
781	53	Female	Suburban	8	2	13	43	54.48586931	1	Retained	0	1
782	44	Female	Rural	1	5	7	44	39.56238267	10	Retained	0	0
783	34	Male	Suburban	8	4	12	43	29.12569601	7	Retained	1	1
784	26	Male	Rural	13	3	15	25	7.131631455	7	Churned	1	0
785	50	Female	Suburban	7	5	19	27	32.47515844	7	Retained	0	1
786	37	Male	Rural	8	3	11	33	47.06269332	7	Retained	1	0
787	30	Female	Rural	12	1	15	18	19.60566789	10	Retained	0	0
788	45	Male	Suburban	6	1	12	30	49.37254633	10	Churned	1	1
789	65	Male	Urban	12	1	3	9	18.84937213	8	Retained	1	2
790	46	Female	Suburban	14	3	17	35	50.30605134	9	Retained	0	1
791	30	Male	Rural	9	5	3	29	9.689758789	9	Retained	1	0
792	63	Female	Urban	3	1	19	35	52.64010399	2	Retained	0	2
793	52	Male	Suburban	10	5	4	24	32.4552548	7	Churned	1	1
794	23	Female	Suburban	4	3	3	48	21.30956743	7	Churned	0	1
795	35	Female	Suburban	13	5	16	21	19.58122877	4	Retained	0	1
796	68	Male	Urban	6	3	12	49	28.76058074	9	Retained	1	2
797	22	Female	Rural	8	3	8	6	59.9477224	8	Retained	0	0
798	64	Male	Suburban	5	4	17	29	17.11800664	1	Retained	1	1
799	42	Male	Suburban	3	3	7	17	10.67691569	2	Retained	1	1
800	19	Male	Suburban	6	3	11	43	37.17693428	2	Retained	1	1
801	27	Female	Suburban	4	2	18	32	31.86983565	8	Retained	0	1
802	47	Female	Suburban	9	1	1	46	33.83079491	1	Retained	0	1
803	67	Male	Rural	13	4	3	10	41.68144797	4	Churned	1	0
804	62	Male	Rural	3	4	4	7	19.69292384	10	Churned	1	0
805	22	Female	Suburban	4	4	13	39	55.08657475	5	Churned	0	1
806	50	Male	Urban	7	2	6	22	28.96196364	9	Retained	1	2
807	18	Male	Rural	7	3	14	15	12.09974073	7	Churned	1	0
808	35	Female	Urban	12	1	5	24	45.82643162	8	Retained	0	2
809	49	Male	Rural	12	5	16	9	40.37073939	9	Retained	1	0
810	64	Female	Suburban	4	3	15	23	22.36588714	7	Churned	0	1
811	66	Male	Rural	6	2	15	26	39.18352982	5	Retained	1	0
812	28	Female	Suburban	12	3	4	23	17.0924076	5	Retained	0	1
813	38	Male	Rural	13	3	8	20	29.46616476	10	Retained	1	0
814	43	Male	Suburban	3	2	16	28	54.46768872	6	Retained	1	1
815	42	Female	Suburban	6	4	16	45	12.34438282	5	Retained	0	1
816	39	Male	Suburban	12	4	4	8	26.26830475	9	Retained	1	1
817	44	Female	Suburban	2	1	13	19	50.16283336	3	Churned	0	1
818	66	Male	Urban	8	1	13	29	58.32199947	3	Retained	1	2
819	30	Female	Suburban	2	4	2	48	29.9659375	7	Retained	0	1
820	50	Female	Urban	11	5	3	39	32.88497911	7	Retained	0	2
821	51	Female	Urban	7	3	8	18	36.4694579	6	Retained	0	2
822	58	Female	Suburban	9	5	15	23	56.27914779	3	Churned	0	1
823	52	Male	Urban	1	3	11	42	52.2013735	7	Retained	1	2
824	18	Male	Rural	8	4	9	40	14.38306185	5	Retained	1	0
825	38	Female	Suburban	7	1	7	11	29.02167998	7	Retained	0	1
826	65	Female	Urban	6	1	13	34	30.52002355	2	Churned	0	2
827	23	Female	Suburban	6	5	2	23	48.40028614	6	Churned	0	1
828	45	Male	Suburban	6	1	8	29	38.15910854	8	Retained	1	1
829	34	Male	Suburban	9	4	7	20	40.98212541	1	Retained	1	1
830	22	Male	Urban	2	5	12	44	59.90099492	4	Retained	1	2
831	48	Male	Rural	1	3	19	12	9.122802391	1	Retained	1	0
832	22	Female	Rural	13	1	7	22	17.26554029	1	Retained	0	0
833	55	Female	Urban	12	2	10	32	27.43427656	10	Churned	0	2
834	20	Female	Suburban	6	1	16	20	24.12803217	8	Retained	0	1
835	40	Male	Urban	10	3	3	23	6.190505874	7	Churned	1	2
836	54	Male	Urban	11	5	10	46	10.04776836	10	Retained	1	2
837	54	Male	Urban	8	3	6	21	42.45243103	1	Retained	1	2
838	27	Female	Suburban	3	2	18	49	53.36284548	2	Retained	0	1
839	27	Female	Urban	12	4	18	17	33.28248562	4	Retained	0	2
840	36	Male	Suburban	10	1	5	11	34.65550937	1	Retained	1	1
841	34	Female	Urban	1	5	7	31	19.03013881	3	Retained	0	2
842	38	Male	Rural	9	4	2	14	47.2332	8	Retained	1	0
843	31	Male	Urban	13	3	11	38	46.34870231	8	Retained	1	2
844	26	Female	Urban	13	5	13	40	37.36011291	8	Retained	0	2
845	63	Male	Rural	1	4	5	29	16.69653576	6	Retained	1	0
846	18	Female	Suburban	3	5	6	10	10.336002	6	Retained	0	1
847	68	Male	Suburban	8	2	14	28	8.533121672	5	Retained	1	1
848	62	Female	Urban	14	2	12	22	37.59828367	9	Retained	0	2
849	30	Female	Rural	3	1	4	27	50.37694255	4	Retained	0	0
850	21	Female	Suburban	13	1	6	10	52.20817375	10	Churned	0	1
851	18	Male	Urban	4	2	10	33	30.49921409	7	Churned	1	2
852	66	Male	Rural	8	5	18	29	48.13492146	1	Retained	1	0
853	57	Female	Suburban	1	2	15	21	57.0784108	9	Retained	0	1
854	49	Female	Suburban	13	1	8	28	20.13435619	7	Retained	0	1
855	51	Male	Rural	13	2	9	15	26.88781905	10	Churned	1	0
856	45	Male	Rural	6	2	5	30	56.23134459	9	Retained	1	0
857	48	Male	Rural	1	5	10	38	23.6027032	7	Retained	1	0
858	25	Female	Rural	14	4	6	32	55.26319597	2	Churned	0	0
859	56	Male	Urban	1	1	16	7	58.95746742	6	Retained	1	2
860	43	Male	Rural	14	5	3	15	41.39959007	10	Retained	1	0
861	51	Female	Suburban	8	2	10	42	49.92896592	4	Retained	0	1
862	20	Male	Suburban	11	2	11	18	46.22500603	3	Retained	1	1
863	67	Male	Urban	4	4	11	30	43.47438417	2	Churned	1	2
864	29	Male	Suburban	12	1	17	25	21.88120901	6	Churned	1	1
865	18	Female	Suburban	1	1	4	43	8.140188585	8	Retained	0	1
866	61	Female	Rural	10	3	4	34	23.86784529	6	Retained	0	0
867	22	Female	Suburban	7	1	17	12	41.68147919	9	Retained	0	1
868	47	Female	Urban	5	4	9	24	10.6391059	5	Retained	0	2
869	47	Female	Rural	5	3	19	36	5.655489064	2	Retained	0	0
870	34	Female	Rural	1	3	5	26	12.68308049	8	Retained	0	0
871	65	Female	Urban	14	2	6	11	44.36547595	9	Retained	0	2
872	64	Male	Rural	10	2	3	13	58.50365359	10	Retained	1	0
873	40	Male	Rural	11	1	1	49	59.06855848	4	Retained	1	0
874	32	Female	Urban	6	3	16	5	32.1688532	6	Retained	0	2
875	54	Male	Rural	14	2	11	33	52.81437655	10	Retained	1	0
876	38	Male	Urban	9	4	13	12	45.52545507	8	Retained	1	2
877	31	Female	Urban	9	2	10	8	32.55721303	9	Retained	0	2
878	19	Male	Suburban	8	2	3	39	36.50182931	5	Retained	1	1
879	28	Male	Suburban	5	3	9	7	12.54749306	6	Retained	1	1
880	68	Male	Rural	1	3	12	49	56.57138033	4	Retained	1	0
881	56	Male	Rural	9	5	14	44	24.35613739	5	Retained	1	0
882	55	Male	Urban	1	4	1	11	29.53820911	7	Retained	1	2
883	51	Female	Rural	8	3	18	31	41.9413127	9	Retained	0	0
884	55	Female	Urban	5	1	17	5	23.36463593	10	Churned	0	2
885	67	Female	Urban	3	4	9	31	18.98425385	6	Retained	0	2
886	51	Male	Rural	11	4	9	20	39.70771663	6	Retained	1	0
887	35	Female	Urban	7	3	10	42	6.374124526	8	Retained	0	2
888	47	Male	Suburban	7	4	19	11	44.63988116	4	Retained	1	1
889	32	Male	Rural	9	3	15	48	33.27128534	3	Retained	1	0
890	44	Male	Suburban	7	2	5	27	38.31645518	7	Retained	1	1
891	68	Male	Rural	13	5	15	45	39.75340876	5	Retained	1	0
892	51	Female	Urban	11	2	2	15	33.98775861	2	Retained	0	2
893	69	Female	Rural	14	3	13	46	37.03935776	2	Retained	0	0
894	55	Male	Suburban	3	3	16	37	42.60835105	6	Retained	1	1
895	50	Female	Urban	11	2	15	40	46.42153659	8	Churned	0	2
896	41	Male	Rural	13	1	10	41	45.00988152	1	Retained	1	0
897	32	Female	Rural	14	1	14	45	52.82890518	6	Churned	0	0
898	47	Female	Rural	13	1	10	21	15.41938882	2	Churned	0	0
899	59	Male	Suburban	1	3	14	39	27.06313832	2	Retained	1	1
900	68	Female	Suburban	8	4	9	9	57.12878363	7	Retained	0	1
901	34	Male	Rural	12	3	14	36	26.81248159	10	Retained	1	0
902	22	Female	Urban	3	4	3	7	11.86785423	1	Churned	0	2
903	46	Male	Urban	12	2	16	39	33.89948195	6	Churned	1	2
904	21	Male	Suburban	8	5	2	18	11.02200349	7	Retained	1	1
905	27	Female	Urban	8	4	10	35	16.15692813	8	Churned	0	2
906	34	Female	Suburban	13	1	3	35	59.90753161	7	Retained	0	1
907	27	Male	Rural	5	3	11	21	34.77494511	6	Retained	1	0
908	34	Female	Suburban	13	2	11	28	20.6232114	9	Churned	0	1
909	37	Female	Suburban	12	1	13	27	59.7126225	3	Churned	0	1
910	41	Male	Rural	13	2	7	22	58.16074052	6	Retained	1	0
911	22	Male	Urban	1	5	17	18	29.24064726	4	Churned	1	2
912	51	Female	Suburban	13	3	2	19	19.32217098	2	Churned	0	1
913	23	Male	Suburban	10	3	12	19	51.1119801	1	Churned	1	1
914	19	Male	Rural	7	5	10	10	44.35913943	1	Churned	1	0
915	30	Male	Urban	12	3	18	31	42.78177893	10	Churned	1	2
916	60	Female	Suburban	10	4	11	19	54.12125577	3	Retained	0	1
917	60	Female	Rural	5	2	16	40	42.91794236	4	Churned	0	0
918	65	Male	Suburban	8	1	17	12	20.60888687	2	Retained	1	1
919	28	Female	Rural	9	5	19	19	43.1624739	1	Churned	0	0
920	68	Male	Urban	11	4	18	7	21.81974312	4	Retained	1	2
921	64	Female	Urban	14	1	3	17	46.75814388	7	Retained	0	2
922	40	Male	Urban	7	1	16	45	39.086132	10	Retained	1	2
923	33	Male	Urban	14	5	6	38	9.257635359	6	Retained	1	2
924	48	Female	Suburban	13	4	12	28	33.20594493	6	Retained	0	1
925	28	Male	Suburban	7	1	11	44	23.88155331	9	Churned	1	1
926	33	Female	Urban	1	1	15	36	23.0713848	2	Churned	0	2
927	25	Female	Urban	4	4	15	36	38.12409663	4	Retained	0	2
928	21	Male	Urban	2	3	16	34	22.72786535	5	Churned	1	2
929	57	Male	Suburban	2	1	10	17	47.72915615	1	Churned	1	1
930	21	Female	Urban	2	2	12	5	8.893528981	8	Retained	0	2
931	42	Male	Urban	4	4	13	38	41.32135388	8	Retained	1	2
932	20	Male	Urban	14	1	4	19	49.5057142	6	Churned	1	2
933	49	Male	Rural	1	5	7	48	42.00574295	5	Retained	1	0
934	20	Male	Urban	4	2	2	18	32.34760573	8	Churned	1	2
935	44	Male	Rural	2	1	15	33	57.26688576	3	Churned	1	0
936	46	Female	Rural	5	2	8	38	21.49661694	3	Churned	0	0
937	49	Female	Urban	3	2	7	22	6.054233814	2	Retained	0	2
938	67	Male	Rural	12	3	15	11	28.75941543	5	Retained	1	0
939	68	Male	Urban	8	2	14	33	6.815656475	3	Retained	1	2
940	36	Male	Suburban	4	3	8	35	57.46652139	3	Retained	1	1
941	38	Female	Suburban	1	4	12	29	16.54549252	6	Retained	0	1
942	22	Male	Suburban	1	3	13	42	48.39098632	8	Retained	1	1
943	35	Female	Suburban	12	5	11	18	47.60146457	2	Retained	0	1
944	45	Female	Rural	10	1	17	12	16.97508948	4	Churned	0	0
945	59	Female	Urban	3	4	17	31	39.16745918	7	Retained	0	2
946	39	Male	Urban	9	4	4	6	7.644343267	1	Retained	1	2
947	38	Female	Urban	7	5	8	21	31.59660221	1	Retained	0	2
948	23	Male	Suburban	2	3	5	41	5.805592	10	Retained	1	1
949	18	Female	Suburban	13	1	16	18	55.66291341	7	Retained	0	1
950	22	Male	Urban	9	3	4	29	58.68473133	7	Churned	1	2
951	58	Female	Suburban	10	2	15	34	17.22555217	1	Retained	0	1
952	29	Male	Urban	2	3	12	33	16.4458319	1	Churned	1	2
953	43	Female	Urban	3	4	5	24	46.45460971	4	Retained	0	2
954	63	Male	Urban	11	1	16	25	18.93586694	5	Churned	1	2
955	51	Male	Urban	13	3	14	26	54.22921075	5	Churned	1	2
956	66	Male	Urban	10	1	10	39	36.56610249	4	Churned	1	2
957	31	Male	Urban	14	1	7	41	24.29276927	8	Churned	1	2
958	43	Female	Urban	2	2	13	20	50.79815605	7	Churned	0	2
959	62	Female	Suburban	3	2	5	47	32.13736852	9	Churned	0	1
960	44	Male	Urban	6	4	3	21	55.13981025	7	Retained	1	2
961	26	Female	Urban	9	5	15	20	56.04078302	10	Retained	0	2
962	43	Male	Suburban	9	1	4	6	14.09810837	1	Retained	1	1
963	64	Male	Suburban	7	5	15	8	5.127787337	7	Retained	1	1
964	39	Female	Suburban	12	4	14	25	59.11620171	1	Retained	0	1
965	64	Male	Urban	3	1	19	43	54.83756449	7	Retained	1	2
966	47	Male	Rural	4	1	13	38	8.049487964	10	Churned	1	0
967	60	Female	Rural	6	5	10	34	50.81688452	8	Churned	0	0
968	65	Male	Suburban	11	3	5	10	30.17927129	9	Retained	1	1
969	34	Male	Rural	5	2	6	21	19.24288828	3	Retained	1	0
970	43	Male	Suburban	2	3	4	43	53.3310588	4	Churned	1	1
971	53	Male	Urban	13	5	2	29	15.81669778	4	Retained	1	2
972	18	Female	Rural	6	2	16	9	57.10149997	9	Churned	0	0
973	25	Female	Urban	3	3	18	9	16.30918182	7	Retained	0	2
974	66	Female	Rural	14	2	5	24	38.75257533	3	Retained	0	0
975	52	Male	Urban	8	1	4	20	17.2697484	10	Retained	1	2
976	69	Male	Rural	2	3	13	45	35.01177657	5	Churned	1	0
977	32	Female	Urban	1	2	19	41	42.61863215	7	Retained	0	2
978	64	Male	Urban	9	2	2	44	15.4625362	8	Retained	1	2
979	39	Male	Rural	14	2	13	13	33.64871805	1	Retained	1	0
980	31	Male	Urban	12	3	11	9	30.79828594	2	Retained	1	2
981	43	Male	Urban	3	4	4	46	8.907058177	7	Churned	1	2
982	45	Female	Urban	11	3	15	6	50.00692997	2	Churned	0	2
983	40	Female	Rural	1	5	4	13	23.46253204	7	Retained	0	0
984	31	Female	Rural	7	3	9	47	36.60202087	9	Retained	0	0
985	41	Male	Urban	13	2	7	40	33.31313292	2	Retained	1	2
986	19	Female	Urban	10	1	19	26	33.22932775	7	Churned	0	2
987	62	Female	Rural	5	3	19	26	10.89723168	4	Churned	0	0
988	43	Male	Rural	5	3	6	26	28.29151051	2	Retained	1	0
989	31	Male	Urban	14	2	6	38	29.88017176	7	Churned	1	2
990	68	Female	Urban	1	1	15	33	45.35035622	5	Retained	0	2
991	24	Female	Urban	9	1	15	42	51.20103576	1	Churned	0	2
992	20	Female	Suburban	7	5	9	37	34.9740253	5	Churned	0	1
993	64	Female	Rural	8	3	4	22	9.773062474	3	Churned	0	0
994	40	Male	Suburban	9	1	18	11	18.02672088	7	Churned	1	1
995	63	Female	Rural	6	1	18	5	14.07137148	6	Retained	0	0
996	60	Female	Rural	12	4	5	37	11.85382848	8	Churned	0	0
997	64	Male	Rural	5	4	11	5	25.12446142	5	Retained	1	0
998	62	Female	Rural	6	1	5	28	17.61664262	2	Retained	0	0
999	35	Male	Rural	11	5	4	8	17.00667115	9	Retained	1	0
1000	55	Male	Rural	2	1	12	8	8.008124602	8	Churned	1	0
